clip_name,question
cb25d0ce-db3c-449c-934a-1f0ac2dcf06e_38615,"Question 1: What is the primary activity that occurs multiple times in the video, and how does it relate to the overall context?
Correct Answer: Playing tennis with a man is the primary activity, contributing to the video's focus on a tennis court setting.
Wrong Answer A : C continually walks around the tennis court, dominating the video, and suggesting an exploration or familiarity of the environment.
Wrong Answer B : Checking in the bag pack is the main event; it is done repetitively as it occurs throughout the timeframe and might have a connection to tennis practice sessions.
Wrong Answer C : A man and c frequently examine the tennis court, deciphering context and determining roles in the video.
Wrong Answer D : The primary activity that occurs multiple times is c and a man dribbling the tennis ball, which could be associated with them practicing or warming up."
50a395ca-e434-46f3-a2f8-67fc4ca3874b_969,"Question 3: Which key sequence of actions can be inferred as the most critical in the video, based on the way various items are organized or processed before being put away?
Correct Answer: The most critical sequence involved organizing papers, placing them in appropriate containers, and storing them in the cupboard.
Wrong Answer A : The crucial moment in the video was when c meticulously organized papers into proper containers and placed them in the cupboard.
Wrong Answer B : A critical sequence of actions materialized when c concentrated on managing papers and their corresponding containers, utilizing a methodical approach to organize and ultimately store the materials in their designated places within the cupboard.
Wrong Answer C : As the narrative unfolded, c's focus on the meticulous sorting and organizing of papers into dedicated containers before ensuring a seamless and orderly placement into the cupboard emerged as one of the most central and defining moments in the video.
Wrong Answer D : The video emphasized a series of critical sequences, specifically when the protagonist displayed great attention to detail in organizing, processing, and positioning papers in suitable containers, culminating in their orderly storage in the confines of the cupboard."
6fd026d8-b68c-46bc-93de-ccfa08809a9d_31261,"Question 3: Identify at least two key turning points in the video and explain why they are significant in the context of the video's events.
Correct Answer: The man moving the ball sleeve and walking on the field, which shows his passive involvement in the activity.
Wrong Answer A : The moments where c puts the golf club into the bag and when the man moves his hands, indicating a break from golf play.
Wrong Answer B : Moments of looking around and holding a golf club connect the two characters.
Wrong Answer C : When c moves the ball and the man touches the golf club because these instances present them adjusting the equipment.
Wrong Answer D : C putting down the golf ball and the man standing on the field, since these moments signal the beginning and end of some golf-related tasks."
2e04b2bb-e5d3-4f66-a16e-f7756e14e749_16696,"Question 2: In a concise manner, describe the main objective c achieved in this video by carrying out the various actions.
Correct Answer: C prepared and transferred liquid substances using a pipette and micropipette methodically.
Wrong Answer A : C carried out a complex series of actions to accurately transfer a variety of substances from different containers to different locations within the lab area.
Wrong Answer B : Throughout the video, c completed numerous tasks that contributed to organizing, preparing, and managing samples and substances in a scientific laboratory setting.
Wrong Answer C : The video showcased c's ability to transfer chemicals between containers, use a micropipette, and meticulously document the actions provided.
Wrong Answer D : C efficiently transferred, adjusted, and documented substances using tools like pipettes and writing instruments."
98ff21ab-6151-4429-a6ff-39d3c6fa173b_85049,"Question 3: Analyze the video and determine the key moments where c seems to make decisions or change their approach. discuss the most important parts considering their relevance to the final outcome.
Correct Answer: Key moments include transitioning from rulers to tape measure, and when c interacts with another person.
Wrong Answer A : Crucial video parts: c swaps tools, converses with man, and does unrelated tasks.
Wrong Answer B : Essential moments encompass the beginning when selecting tools, the middle when c switches to a tape measure, and the end when they return to ruler usage.
Wrong Answer C : The most significant parts occur when c grabs the right tool for the task, measures and marks the wood, interacts with a man, and frequently changes between tools.
Wrong Answer D : The pivotal instances involve c's initial tool selection, c's methodical usage of both a ruler and tape measure, and c's interactions with another person throughout the video."
6fd026d8-b68c-46bc-93de-ccfa08809a9d_31267,"Question 3: Identify three defining moments in the video that reflect the person's skill level and understanding of golf techniques. explain why these moments are significant.
Correct Answer: First successful hit, adapting grip, assisting man in swing
Wrong Answer A : Missing the ball entirely, taking a break, and returning to the golf club with renewed energy
Wrong Answer B : Holding the golf club improperly, hitting the ball too softly, and giving up after numerous unsuccessful attempts
Wrong Answer C : Attaining three straight flawless golf swings, showing exceptional game mastery.
Wrong Answer D : Making a series of mistakes, taking a moment to reflect upon their performance, and then correcting their errors without further guidance"
d939955c-6db9-4406-8b7b-085494320bc7_21440,"Question 2: Based on the players' actions with the pool cue and their movements around the table, what can you infer about the dynamic between c and the woman and their respective gameplay strategies?
Correct Answer: A casual and friendly game with emphasis on enjoyment.
Wrong Answer A : Both players were highly focused on strategic planning, meticulously analyzing each shot and investing a considerable amount of time for the best outcome.
Wrong Answer B : C and the woman shared a clear coaching bond, as c continuously guided her to enhance performance.
Wrong Answer C : C and the woman were overly aggressive during the game, attempting to overpower each other with high-velocity shots and rapid movements.
Wrong Answer D : C and the woman were intently measuring each other's skills, adjusting their strategies to exploit any weaknesses they could identify."
5d4facb9-9473-4cf2-a7a6-bfc1e4e01833_9313,"Question 1: What was the main purpose behind c moving his/her right hand frequently and interacting with various objects throughout the video?
Correct Answer: The primary purpose was to facilitate the drawing process by using the fineliner pen, adjusting filters, and examining the sketch.
Wrong Answer A : The main purpose was to operate multiple devices while working on the sketch, like fidgeting with the phone and adjusting the tablets.
Wrong Answer B : C was multitasking by using a range of objects due to lack of concentration, such as touching the phone, looking at the tablet, and examining the paper.
Wrong Answer C : The need for variety made c engage with different objects, so they were touching the phone, adjusting filters, and making movements.
Wrong Answer D : Maintain rhythm and focus in the creative process by consistently interacting with nearby tools and objects."
